sequencial;latitude;longitude;uf;cnl;facilidade;id_facilidade;provedor;id_provedor;entrega;abordado;custo_de_acesso_proprio;instalacao_terceiros;mensalidade_terceiros;tipo_terceiros;id_da_sev;prazo;bb_ip;hp_bsod;codigo_spe;sinalizacao_sip;protocolo_gaia;obs;justificativa;ID Justificativa;status;tecnologia
8709469;-23,5094991;-47,3610706;SP;SOC;FO GPON RESID ETH PRE VIAVEL;50;CLARO BRASIL;8;SPO IG;NAO;10559;;;;1635161;;;;;;11853789;FECHAMENTO NFV FASE 1/ ESTACAO ENTREGA SOC PH/FABRICANTE ZTE CONCENTRADOR OLT SOCJBVAAOLT01;;;1;GPON RES RESID PV
8709477;-22,8413847;-43,256929;RJ;RJO;FO GPON RESID ETH PRE VIAVEL;50;CLARO BRASIL;8;RJO AM;NAO;10559;;;;1635162;;;;;;11853790;FECHAMENTO NFV FASE 1/ ESTACAO ENTREGA RJO EN/FABRICANTE ZTE CONCENTRADOR OLT RJOOLRAAOLT01;;;1;GPON RES RESID PV
8709480;-29,16782;-51,184981;RS;CSL;FO GPON RESID ETH PRE VIAVEL;50;CLARO BRASIL;8;PAE BV;NAO;10559;;;;1635165;;;;;;11853792;FECHAMENTO NFV FASE 1/ ESTACAO ENTREGA CSL NET/FABRICANTE HUAWEI CONCENTRADOR OLT CSLCENACOLT01;;;1;GPON RES RESID PV
8709481;-20,7332216;-46,5738507;MG;PSO;TERCEIROS ETH;26;IG NETWORKS;146;BHE ES;NAO;;6000;4120;3;1635166;;;;;;11853793;FECHAMENTO NFV FASE 1/PRECO PADRAO/ ESTACAO ENTREGA BHE ES;FORA DE REDE;1;1;TERCEIROS ETH
8709483;-20,7332216;-46,5738507;MG;PSO;TERCEIROS ETH;26;IG NETWORKS;146;BHE ES;NAO;;6000;6901;3;1635167;;;;;;11853794;FECHAMENTO NFV FASE 1/PRECO PADRAO/ ESTACAO ENTREGA BHE ES;FORA DE REDE;1;1;TERCEIROS ETH
8709486;-23,4973832;-46,666073;SP;SPO;FO EDD CLARO PRE VIAVEL;5;CLARO BRASIL;8;SPO IG;NAO;9797;;;;1635168;;111334;;;;11853795;FECHAMENTO NFV FASE 1/ ESTACAO ENTREGA SPO IG/NUVEM SMCVEF5 - NUVEM PRE VIAVEL SITE SMCVEF5;;;1;FO EDD PV
8709488;-22,4427992;-47,5713532;SP;RCO;TERCEIROS ETH;26;IG NETWORKS;146;SPO IG;NAO;;6000;6901;3;1635169;;;;;;11853796;FECHAMENTO NFV FASE 1/PRECO PADRAO/ ESTACAO ENTREGA SPO IG;FORA DE REDE;1;1;TERCEIROS ETH
8709493;-23,5300049;-47,1458461;SP;SRE;TERCEIROS ETH;26;IG NETWORKS;146;SPO IG;NAO;;3500;2200;3;1635170;;;;;;11853797;FECHAMENTO NFV FASE 1/PRECO PADRAO/ ESTACAO ENTREGA SPO IG;FORA DE REDE;1;1;TERCEIROS ETH
8709497;-3,7645382;-38,494983;CE;FLA;FO GPON ETH;8;CLARO BRASIL;8;FLA PV;NAO;9837;;;;1635173;;111335;;;;11853798;FECHAMENTO NFV FASE 1/ ESTACAO ENTREGA FLA AWS/FLA AWS_GPON;;;1;GPON FIXA
8709502;-23,5300049;-47,1458461;SP;SRE;TERCEIROS ETH;26;IG NETWORKS;146;SPO IG;NAO;;3500;2200;3;1635175;;;;;;11853799;FECHAMENTO NFV FASE 1/PRECO PADRAO/ ESTACAO ENTREGA SPO IG;FORA DE REDE;1;1;TERCEIROS ETH
8709503;-23,5300049;-47,1458461;SP;SRE;TERCEIROS ETH;26;IG NETWORKS;146;SPO IG;NAO;;3500;2200;3;1635176;;;;;;11853800;FECHAMENTO NFV FASE 1/PRECO PADRAO/ ESTACAO ENTREGA SPO IG;FORA DE REDE;1;1;TERCEIROS ETH
8709505;-23,5300049;-47,1458461;SP;SRE;TERCEIROS ETH;26;IG NETWORKS;146;SPO IG;NAO;;3500;2200;3;1635177;;;;;;11853801;FECHAMENTO NFV FASE 1/PRECO PADRAO/ ESTACAO ENTREGA SPO IG;FORA DE REDE;1;1;TERCEIROS ETH
8709506;-23,5300049;-47,1458461;SP;SRE;TERCEIROS ETH;26;IG NETWORKS;146;SPO IG;NAO;;3500;2200;3;1635178;;;;;;11853802;FECHAMENTO NFV FASE 1/PRECO PADRAO/ ESTACAO ENTREGA SPO IG;FORA DE REDE;1;1;TERCEIROS ETH
8709510;-9,51189203;-35,7931828;AL;RGO;FO EDD DIRETO CLARO;6;CLARO BRASIL;8;MCO MS;NAO;9797;;;;1635181;;111336;;;;11853808;FECHAMENTO NFV FASE 1/ ESTACAO ENTREGA RGO AEP/NUVEM ALCLII1 - NUVEM DIRETO CLARO SITE ALCLII1;;;1;FO EDD DC
8709513;-23,129816;-45,738467;SP;CPV;TERCEIROS ETH;26;IG NETWORKS;146;SPO IG;NAO;;6000;4120;3;1635182;;;;;;11853809;FECHAMENTO NFV FASE 1/PRECO PADRAO/ ESTACAO ENTREGA SPO IG;FORA DE REDE;1;1;TERCEIROS ETH
8709517;-23,5795762;-46,682221;SP;SPO;FO EDD CLARO PRE VIAVEL;5;CLARO BRASIL;8;SPO IG;NAO;9797;;;;1635185;;111337;;;;11853810;FECHAMENTO NFV FASE 1/ ESTACAO ENTREGA SPO IG/NUVEM SMPIN46 - NUVEM PRE VIAVEL SITE SMPIN46;;;1;FO EDD PV
8709523;-16,7417552;-49,2769342;GO;ACG;FO EDD DIRETO CLARO;6;CLARO BRASIL;8;GNA RD;NAO;9797;;;;1635190;;111338;;;;11853813;FECHAMENTO NFV FASE 1/ ESTACAO ENTREGA GNA RD/NUVEM GOGNA1M - NUVEM DIRETO CLARO SITE GOGNA1M;;;1;FO EDD DC
8709527;-16,6757;-49,26509;GO;GNA;FO GPON RESID ETH;34;CLARO BRASIL;8;GNA RD;NAO;1328;;;;1635192;;;;;;11853815;FECHAMENTO NFV FASE 1/ ESTACAO ENTREGA GNA GC/FABRICANTE ZTE CONCENTRADOR OLT GOICENAAOLT01;;;1;GPON RES RESID
8709528;-22,8953817;-47,0557585;SP;CAS;FO EDD ETH;7;CLARO BRASIL;8;CAS BC;NAO;12042;;;;1635193;;111339;;;;11853816;FECHAMENTO NFV FASE 1/ ESTACAO ENTREGA CAS VP/CAS VP_NUVEM ANEL VESPER CAS;;;1;FO EDD FIXA
8709533;-20,45996;-54,60907;MS;CPE;FO EDD ETH;7;CLARO BRASIL;8;CPE CM;NAO;12042;;;;1635196;;111340;;;;11853817;FECHAMENTO NFV FASE 1/ ESTACAO ENTREGA CPE CM/NUVEM CPE CM SITE MSCPE1S;;;1;FO EDD MOVEL
8709608;-26,99231;-48,66237;SC;CBW;FO SDH;12;CLARO BRASIL;8;BNU AB;NAO;14536;;;;1635264;;111341;;;;11853830;FECHAMENTO NFV FASE 1/ ESTACAO ENTREGA BCU BC/BCU BC_BCU BC_17_BCU;;;1;SDH
8709615;-1,45703839;-48,4554264;PA;BLM;FO EDD CLARO PRE VIAVEL;5;CLARO BRASIL;8;BLM QB;NAO;9797;;;;1635266;;111342;;;;11853832;FECHAMENTO NFV FASE 1/ ESTACAO ENTREGA BLM QB/NUVEM PABLM17 - NUVEM PRE VIAVEL SITE PABLM17;;;1;FO EDD PV
8709624;-19,0138986;-57,6636083;MS;CMA;TERCEIROS ETH;26;IG NETWORKS;146;CPE CM;NAO;;6000;7859;3;1635273;;;;;;11853838;FECHAMENTO NFV FASE 1/PRECO PADRAO/ ESTACAO ENTREGA CPE CM;FORA DE REDE;1;1;TERCEIROS ETH
8709626;-20,4421506;-54,6180342;MS;CPE;FO EDD ETH;7;CLARO BRASIL;8;CPE CM;NAO;12042;;;;1635274;;111343;;;;11853839;FECHAMENTO NFV FASE 1/ ESTACAO ENTREGA CPE CM/CPE CM;;;1;FO EDD FIXA
8709629;-19,9828905;-43,945606;MG;NLA;FO GPON RESID ETH;34;CLARO BRASIL;8;BHE ES;NAO;1328;;;;1635277;;;;;;11853842;FECHAMENTO NFV FASE 1/ ESTACAO ENTREGA BHE GM/FABRICANTE HUAWEI CONCENTRADOR OLT BHZBELABOLT01;;;1;GPON RES RESID
8709632;-3,25336207;-52,2491078;PA;ATM;TERCEIROS ETH;26;IG NETWORKS;146;BLM QB;NAO;;6000;7859;3;1635280;;;;;;11853845;FECHAMENTO NFV FASE 1/PRECO PADRAO/ ESTACAO ENTREGA BLM QB;FORA DE REDE;1;1;TERCEIROS ETH
8709633;-19,9828905;-43,945606;MG;NLA;TERCEIROS ETH;26;IG NETWORKS;146;BHE ES;NAO;;12000;12018;3;1635281;;111344;;;;11853846;FECHAMENTO NFV FASE 1/PRECO PADRAO/ ESTACAO ENTREGA BHE ES;FORA DE REDE;1;1;TERCEIROS ETH
8709634;-18,889246;-48,2307609;MG;ULA;TERCEIROS ETH;26;ALGAR TELECOM;9;BHE ES;NAO;;2000;2375;3;1635282;;;;;;11853847;FECHAMENTO NFV FASE 1/PRECO PADRAO/ ESTACAO ENTREGA BHE ES;FORA DE REDE;1;1;TERCEIROS ETH
8709636;-21,0064122;-47,6614181;SP;BRQ;TERCEIROS ETH;26;ALGAR TELECOM;9;SPO IG;NAO;;2000;13471;3;1635284;;111345;;;;11853849;FECHAMENTO NFV FASE 1/PRECO PADRAO/ ESTACAO ENTREGA SPO IG;FORA DE REDE;1;1;TERCEIROS ETH
8709637;-2,42464727;-54,7861789;PA;SRM;TERCEIROS ETH;26;IG NETWORKS;146;BLM QB;NAO;;6000;9615;3;1635285;;;;;;11853850;FECHAMENTO NFV FASE 1/PRECO PADRAO/ ESTACAO ENTREGA BLM QB;FORA DE REDE;1;1;TERCEIROS ETH
8709639;-5,37153699;-49,1369433;PA;MBA;TERCEIROS ETH;26;IG NETWORKS;146;BLM QB;NAO;;6000;7859;3;1635287;;;;;;11853852;FECHAMENTO NFV FASE 1/PRECO PADRAO/ ESTACAO ENTREGA BLM QB;FORA DE REDE;1;1;TERCEIROS ETH
8709644;-16,7047372;-43,8200076;MG;MCL;TERCEIROS ETH;26;IG NETWORKS;146;BHE ES;NAO;;6000;7859;3;1635289;;;;;;11853854;FECHAMENTO NFV FASE 1/PRECO PADRAO/ ESTACAO ENTREGA BHE ES;FORA DE REDE;1;1;TERCEIROS ETH
8709650;-6,11419198;-50,0010794;PA;PUP;TERCEIROS ETH;26;IG NETWORKS;146;BLM QB;NAO;;6000;7859;3;1635292;;;;;;11853856;FECHAMENTO NFV FASE 1/PRECO PADRAO/ ESTACAO ENTREGA BLM QB;FORA DE REDE;1;1;TERCEIROS ETH
8709655;-20,5589919;-47,4096091;SP;FAC;TERCEIROS ETH;26;BRFIBRA;127;SPO IG;NAO;;1000;1266,27;3;1635295;;111346;;;;11853859;FECHAMENTO NFV FASE 1/PRECO PADRAO/ ESTACAO ENTREGA SPO IG;FORA DE REDE;1;1;TERCEIROS ETH
8709657;-20,469685;-54,6209875;MS;CPE;FO EDD DIRETO CLARO;6;CLARO BRASIL;8;CPE CM;NAO;9797;;;;1635297;;111347;;;;11853861;FECHAMENTO NFV FASE 1/ ESTACAO ENTREGA MSCPE62/NUVEM MSCPE62 - NUVEM DIRETO CLARO SITE MSCPE62;;;1;FO EDD DC
8709662;-22,9998031;-43,337415;RJ;RJO;FO GPON RESID ETH PRE VIAVEL;50;CLARO BRASIL;8;RJO AM;NAO;10559;;;;1635298;;;;;;11853862;FECHAMENTO NFV FASE 1/ ESTACAO ENTREGA RJO EN/FABRICANTE ZTE CONCENTRADOR OLT RJOBTJAYOLT01;;;1;GPON RES RESID PV
8709667;-22,862765;-47,21388;SP;HORT;FO EDD DIRETO CLARO;6;CLARO BRASIL;8;SPO IG;NAO;9797;;;;1635301;;111348;;;;11853865;FECHAMENTO NFV FASE 1/ ESTACAO ENTREGA HORT0OG/NUVEM SIHOR01 - NUVEM DIRETO CLARO SITE SIHOR01;;;1;FO EDD DC
8709668;-22,4083839;-48,5640709;SP;JAU;TERCEIROS ETH;26;IG NETWORKS;146;SPO IG;NAO;;8500;11354;3;1635302;;111349;;;;11853872;FECHAMENTO NFV FASE 1/PRECO PADRAO/ ESTACAO ENTREGA SPO IG;FORA DE REDE;1;1;TERCEIROS ETH
8709672;-25,41876;-49,188766;PR;PNIS;FO SDH;12;CLARO BRASIL;8;CTA MR;NAO;14536;;;;1635304;;111350;;;;11853874;FECHAMENTO NFV FASE 1/ ESTACAO ENTREGA PNISSM/PNIS SM_PNIS SM_03_PNIS;;;1;SDH
8709725;-25,4628571;-49,2996297;PR;CTA;FO GPON RESID ETH PRE VIAVEL;50;CLARO BRASIL;8;CTA MR;NAO;10559;;;;1635338;;;;;;11853895;FECHAMENTO NFV FASE 1/ ESTACAO ENTREGA CTA NJ/FABRICANTE ZTE CONCENTRADOR OLT CTBCSF23OLT01;;;1;GPON RES RESID PV
8709728;-23,2226563;-47,0317255;SP;ITV;TERCEIROS ETH;26;IG NETWORKS;146;CAS BC;NAO;;3500;3166;3;1635340;;;;;;11853897;FECHAMENTO NFV FASE 1/PRECO PADRAO/ ESTACAO ENTREGA CAS BC;FORA DE REDE;1;1;TERCEIROS ETH
8709812;-31,3875387;-54,1130411;RS;BGE;TERCEIROS ETH;26;IG NETWORKS;146;PAE BV;NAO;;6000;11731;3;1635403;;;;;;11853904;FECHAMENTO NFV FASE 1/PRECO PADRAO/ ESTACAO ENTREGA PAE BV;FORA DE REDE;1;1;TERCEIROS ETH
8709822;-20,5050629;-54,5221379;MS;CPE;TERCEIROS ETH;26;IG NETWORKS;146;CPE CM;NAO;;6000;2090;3;1635408;;;;;;11853908;FECHAMENTO NFV FASE 1/PRECO PADRAO/ ESTACAO ENTREGA CPE CM;FORA DE REDE;1;1;TERCEIROS ETH
8709823;-20,5050629;-54,5221379;MS;CPE;TERCEIROS ETH;26;IG NETWORKS;146;CPE CM;NAO;;6000;2090;3;1635409;;;;;;11853909;FECHAMENTO NFV FASE 1/PRECO PADRAO/ ESTACAO ENTREGA CPE CM;FORA DE REDE;1;1;TERCEIROS ETH
8709824;-16,7078385;-49,3067748;GO;GNA;FO EDD DIRETO CLARO;6;CLARO BRASIL;8;GNA RD;NAO;9797;;;;1635410;;111351;;;;11853910;FECHAMENTO NFV FASE 1/ ESTACAO ENTREGA GNA A59/NUVEM GOGNA56 - NUVEM DIRETO CLARO SITE GOGNA56;;;1;FO EDD DC
8709825;-16,7078385;-49,3067748;GO;GNA;FO EDD DIRETO CLARO;6;CLARO BRASIL;8;GNA RD;NAO;9797;;;;1635411;;111352;;;;11853911;FECHAMENTO NFV FASE 1/ ESTACAO ENTREGA GNA A59/NUVEM GOGNA56 - NUVEM DIRETO CLARO SITE GOGNA56;;;1;FO EDD DC
8709828;-3,12785847;-60,0152457;AM;MNS;FO EDD DIRETO CLARO;6;CLARO BRASIL;8;MNS EM;NAO;9797;;;;1635413;;111353;;;;11853912;FECHAMENTO NFV FASE 1/ ESTACAO ENTREGA MNS EM/NUVEM AMMNSJ2 - NUVEM DIRETO CLARO SITE AMMNSJ2;;;1;FO EDD DC
8709831;-3,11322051;-60,0241739;AM;MNS;FO GPON RESID ETH PRE VIAVEL;50;CLARO BRASIL;8;MNS EM;NAO;10559;;;;1635414;;;;;;11853913;FECHAMENTO NFV FASE 1/ ESTACAO ENTREGA MNS HZ/FABRICANTE ZTE CONCENTRADOR OLT MNSPVGAAOLT01;;;1;GPON RES RESID PV
8709839;-15,5833288;-56,1119539;MT;CBA;FO GPON RESID ETH PRE VIAVEL;50;CLARO BRASIL;8;CBA MC;NAO;10559;;;;1635419;;;;;;11853914;FECHAMENTO NFV FASE 1/ ESTACAO ENTREGA CBA MC/FABRICANTE ZTE CONCENTRADOR OLT CBACBAAEOLT01;;;1;GPON RES RESID PV
8709842;-22,70522;-47,64747;SP;PAA;TERCEIROS ETH;26;IG NETWORKS;146;SPO IG;NAO;;8500;15343;3;1635422;;111354;;;;11853916;FECHAMENTO NFV FASE 1/PRECO PADRAO/ ESTACAO ENTREGA SPO IG;FORA DE REDE;1;1;TERCEIROS ETH
8709845;-16,70452;-49,298925;GO;GNA;FOETHERNET;16;CLARO BRASIL;8;PMJ SO;NAO;12042;;;;1635424;;111355;;;;11853918;FECHAMENTO NFV FASE 1/ ESTACAO ENTREGA HE_GOIANIA/SUD02;;;1;FO EDD NET
8709848;-16,7078385;-49,3067748;GO;GNA;FO EDD DIRETO CLARO;6;CLARO BRASIL;8;GNA RD;NAO;9797;;;;1635427;;111356;;;;11853919;FECHAMENTO NFV FASE 1/ ESTACAO ENTREGA GNA A59/NUVEM GOGNA56 - NUVEM DIRETO CLARO SITE GOGNA56;;;1;FO EDD DC
8709853;-16,70437;-49,29862;GO;GNA;FO GPON RESID ETH PRE VIAVEL;50;CLARO BRASIL;8;GNA RD;NAO;10559;;;;1635431;;;;;;11853922;FECHAMENTO NFV FASE 1/ ESTACAO ENTREGA GNA GC/FABRICANTE ZTE CONCENTRADOR OLT GOISUDAAOLT01;;;1;GPON RES RESID PV
8709855;-25,415585;-49,2416266;PR;CTA;FO GPON RESID ETH PRE VIAVEL;50;CLARO BRASIL;8;CTA MR;NAO;10559;;;;1635432;;;;;;11853923;FECHAMENTO NFV FASE 1/ ESTACAO ENTREGA CTA NJ/FABRICANTE ZTE CONCENTRADOR OLT CTBCCE05OLT01;;;1;GPON RES RESID PV
8709857;-23,4329406;-51,4215052;PR;APS;TERCEIROS ETH;26;IG NETWORKS;146;CTA MR;NAO;;6000;11731;3;1635434;;;;;;11853927;FECHAMENTO NFV FASE 1/PRECO PADRAO/ ESTACAO ENTREGA CTA MR;FORA DE REDE;1;1;TERCEIROS ETH
8709863;-22,8203509;-42,127948;RJ;SPA;TERCEIROS ETH;26;K2 TELECOM;156;RJO EN;NAO;;2500;630;3;1635435;;;;;;11853929;FECHAMENTO NFV FASE 1/PRECO PADRAO/ ESTACAO ENTREGA RJO EN;FORA DE REDE;1;1;TERCEIROS ETH
8709868;-23,49086;-46,54488;SP;GRS;FO EDD CLARO PRE VIAVEL;5;CLARO BRASIL;8;SPO IG;NAO;9797;;;;1635437;;111357;;;;11853931;FECHAMENTO NFV FASE 1/ ESTACAO ENTREGA SPO IG/NUVEM SMGRSM3 - NUVEM PRE VIAVEL SITE SMGRSM3;;;1;FO EDD PV
8709873;-23,503285;-46,832405;SP;BRE;HFC BSOD;19;CLARO BRASIL;8;SPO IG;NAO;726;;;;1635441;;;379066841;;;11853933;FECHAMENTO NFV FASE 1/ ESTACAO ENTREGA /BRE197 - HP GED 379066841;;;1;HFC BSOD
8709883;-23,47389;-46,45289;SP;GRS;TERCEIROS ETH;26;BRFIBRA;127;SPO IG;NAO;;1000;1298;3;1635449;;111358;;;;11853936;FECHAMENTO NFV FASE 1/PRECO PADRAO/ ESTACAO ENTREGA SPO IG;FORA DE REDE;1;1;TERCEIROS ETH
8709887;-23,5704684;-46,6454536;SP;SPO;FO EDD DIRETO CLARO;6;CLARO BRASIL;8;SPO IG;NAO;9797;;;;1635453;;111359;;;;11853937;FECHAMENTO NFV FASE 1/ ESTACAO ENTREGA SPO IG/NUVEM SMCON57 - NUVEM DIRETO CLARO SITE SMCON57;;;1;FO EDD DC
8709900;-20,56822;-48,57406;SP;BRS;FO EDD ETH;7;CLARO BRASIL;8;RPO TB;NAO;12042;;;;1635462;;111360;;;;11853939;FECHAMENTO NFV FASE 1/ ESTACAO ENTREGA BRS PDF/ANEL BARRETOS 4001_108855;;;1;FO EDD FIXA
8709915;-16,9915237;-49,2288632;GO;HDD;TERCEIROS ETH;26;BRFIBRA;127;SPO IG;NAO;;800;444,4;3;1635471;;;;;;11853942;FECHAMENTO NFV FASE 1/PRECO PADRAO/ ESTACAO ENTREGA SPO IG;FORA DE REDE;1;1;TERCEIROS ETH
8709918;-16,9915237;-49,2288632;GO;HDD;TERCEIROS ETH;26;BRFIBRA;127;SPO IG;NAO;;800;444,4;3;1635474;;;;;;11853944;FECHAMENTO NFV FASE 1/PRECO PADRAO/ ESTACAO ENTREGA SPO IG;FORA DE REDE;1;1;TERCEIROS ETH
8709924;-16,9915237;-49,2288632;GO;HDD;TERCEIROS ETH;26;BRFIBRA;127;SPO IG;NAO;;800;454,3;3;1635478;;;;;;11853945;FECHAMENTO NFV FASE 1/PRECO PADRAO/ ESTACAO ENTREGA SPO IG;FORA DE REDE;1;1;TERCEIROS ETH
8709927;-20,5678932;-48,5851306;SP;BRS;FO GPON RESID ETH;34;CLARO BRASIL;8;SPO IG;NAO;1328;;;;1635480;;;;;;11853947;FECHAMENTO NFV FASE 1/ ESTACAO ENTREGA BRS 0F4/FABRICANTE HUAWEI CONCENTRADOR OLT BRSAMEOLT01;;;1;GPON RES MOVEL
8709938;-22,954992;-45,4609906;SP;PBA;FO GPON RESID ETH PRE VIAVEL;50;CLARO BRASIL;8;SPO IG;NAO;10559;;;;1635489;;;;;;11853952;FECHAMENTO NFV FASE 1/ ESTACAO ENTREGA PBA WT/FABRICANTE ZTE CONCENTRADOR OLT PBASTNAAOLT01;;;1;GPON RES RESID PV
8709942;-22,8459748;-43,257337;RJ;RJO;FO GPON RESID ETH PRE VIAVEL;50;CLARO BRASIL;8;RJO AM;NAO;10559;;;;1635491;;;;;;11853953;FECHAMENTO NFV FASE 1/ ESTACAO ENTREGA RJO EN/FABRICANTE ZTE CONCENTRADOR OLT RJOOLRAAOLT01;;;1;GPON RES RESID PV
8709943;-22,8459748;-43,257337;RJ;RJO;FO GPON RESID ETH PRE VIAVEL;50;CLARO BRASIL;8;RJO AM;NAO;10559;;;;1635492;;;;;;11853954;FECHAMENTO NFV FASE 1/ ESTACAO ENTREGA RJO EN/FABRICANTE ZTE CONCENTRADOR OLT RJOOLRAAOLT01;;;1;GPON RES RESID PV
8709949;-21,7536235;-48,261906;SP;ARQ;TERCEIROS ETH;26;IG NETWORKS;146;SPO IG;NAO;;8500;12275;3;1635494;;111361;;;;11853957;FECHAMENTO NFV FASE 1/PRECO PADRAO/ ESTACAO ENTREGA SPO IG;FORA DE REDE;1;1;TERCEIROS ETH
8709953;-23,554795;-46,586992;SP;SPO;FO EDD CLARO PRE VIAVEL;5;CLARO BRASIL;8;SPO IG;NAO;9797;;;;1635497;;111362;;;;11853960;FECHAMENTO NFV FASE 1/ ESTACAO ENTREGA SPO IG/NUVEM SMMOO94 - NUVEM PRE VIAVEL SITE SMMOO94;;;1;FO EDD PV
8709960;-23,4022064;-46,3279821;SP;AUJ;TERCEIROS ETH;26;UPIX - SP;471;SPO IG;NAO;;990;1287;3;1635501;;111363;;;;11853964;FECHAMENTO NFV FASE 1/PRECO PADRAO/ ESTACAO ENTREGA SPO IG;FORA DE REDE;1;1;TERCEIROS ETH
8709968;-22,89174;-48,45665;SP;BTU;FO GPON RESID ETH;34;CLARO BRASIL;8;SPO IG;NAO;1328;;;;1635509;;;;;;11853967;FECHAMENTO NFV FASE 1/ ESTACAO ENTREGA BTU TV/FABRICANTE ZTE CONCENTRADOR OLT BTUJPAABOLT01;;;1;GPON RES RESID
8709971;-22,73185;-47,33333;SP;AMR;FO GPON RESID ETH;34;CLARO BRASIL;8;SPO IG;NAO;1328;;;;1635511;;;;;;11853968;FECHAMENTO NFV FASE 1/ ESTACAO ENTREGA AMR HZ/FABRICANTE HUAWEI CONCENTRADOR OLT AMRCTOAAOLT01;;;1;GPON RES RESID
8709977;-20,8245674;-49,4043719;SP;SRR;TERCEIROS ETH;26;IG NETWORKS;146;SPO IG;NAO;;8500;12671;3;1635517;;111364;;;;11853969;FECHAMENTO NFV FASE 1/PRECO PADRAO/ ESTACAO ENTREGA SPO IG;FORA DE REDE;1;1;TERCEIROS ETH
8709982;-22,22479;-49,9328566;SP;MIA;FO GPON RESID ETH PRE VIAVEL;50;CLARO BRASIL;8;SPO IG;NAO;10559;;;;1635520;;;;;;11853970;FECHAMENTO NFV FASE 1/ ESTACAO ENTREGA MIA UOP/FABRICANTE ZTE CONCENTRADOR OLT MIAMLIACOLT01;;;1;GPON RES RESID PV
8709985;-25,57253;-49,21889;PR;SJP;FO EDD ETH;7;CLARO BRASIL;8;SJP CLA;NAO;12042;;;;1635522;;111365;;;;11853971;FECHAMENTO NFV FASE 1/ ESTACAO ENTREGA SJP CLA/NUVEM SJP CLA_SJP CLA_03_SJP SITE PRSJP05;;;1;FO EDD MOVEL
8709989;-21,77604;-48,17006;SP;ARQ;FO EDD DIRETO CLARO;6;CLARO BRASIL;8;SPO IG;NAO;9797;;;;1635526;;111366;;;;11853972;FECHAMENTO NFV FASE 1/ ESTACAO ENTREGA SPO IG/NUVEM SIARQ22 - NUVEM DIRETO CLARO SITE SIARQ22;;;1;FO EDD DC
8710000;-21,22736;-47,83261;SP;RPO;TERCEIROS ETH;26;MEGATELECOM - SP;555;SPO IG;NAO;;1700;735,3;3;1635535;;111367;;;;11853973;FECHAMENTO NFV FASE 1/PRECO PADRAO/ ESTACAO ENTREGA SPO IG;FORA DE REDE;1;1;TERCEIROS ETH
8710002;-22,5709859;-47,4084405;SP;LRA;HFC BSOD;19;CLARO BRASIL;8;SPO IG;NAO;726;;;;1635537;;;;;;11853974;FECHAMENTO NFV FASE 1/ ESTACAO ENTREGA CAS BC/HUB_LIMEIRA;;;1;HFC BSOD
8710008;-21,2538961;-48,3145346;SP;JAL;FO EDD ETH;7;CLARO BRASIL;8;RPO TB;NAO;12042;;;;1635540;;111368;;;;11853975;FECHAMENTO NFV FASE 1/ ESTACAO ENTREGA JAL USA/JAL USA_NUVEM REDE OPTICA DE JABOTICABAL_JAL;;;1;FO EDD FIXA
8710010;-20,7722343;-47,839087;SP;SSI;TERCEIROS ETH;26;ALGAR TELECOM;9;SPO IG;NAO;;2000;6270;3;1635541;;;;;;11853976;FECHAMENTO NFV FASE 1/PRECO PADRAO/ ESTACAO ENTREGA SPO IG;FORA DE REDE;1;1;TERCEIROS ETH
8710019;-23,4468;-46,61467;SP;SPO;FOETHERNET;16;CLARO BRASIL;8;SPO LP;NAO;9837;;;;1635546;;111369;;;;11853979;FECHAMENTO NFV FASE 1/ ESTACAO ENTREGA HUB_VILA MEDEIROS/TREEA;;;1;GPON NET
8710023;-3,11946514;-60,005819;AM;MNS;FO EDD ETH;7;CLARO BRASIL;8;MNS EM;NAO;12042;;;;1635549;;111370;;;;11853982;FECHAMENTO NFV FASE 1/ ESTACAO ENTREGA MNS EM/MNS EM;;;1;FO EDD FIXA
8710027;-22,6704058;-50,398988;SP;ASI;TERCEIROS ETH;26;IG NETWORKS;146;SPO IG;NAO;;6000;11731;3;1635553;;;;;;11853986;FECHAMENTO NFV FASE 1/PRECO PADRAO/ ESTACAO ENTREGA SPO IG;FORA DE REDE;1;1;TERCEIROS ETH
8710033;-22,8367629;-47,0476942;SP;CAS;FO GPON RESID ETH PRE VIAVEL;50;CLARO BRASIL;8;SPO IG;NAO;10559;;;;1635555;;;;;;11853988;FECHAMENTO NFV FASE 1/ ESTACAO ENTREGA CAS 2FJ/FABRICANTE HUAWEI CONCENTRADOR OLT CPSMSAAAOLT01;;;1;GPON RES RESID PV
8710035;-22,8367629;-47,0476942;SP;CAS;FO GPON RESID ETH PRE VIAVEL;50;CLARO BRASIL;8;SPO IG;NAO;10559;;;;1635556;;;;;;11853989;FECHAMENTO NFV FASE 1/ ESTACAO ENTREGA CAS 2FJ/FABRICANTE HUAWEI CONCENTRADOR OLT CPSMSAAAOLT01;;;1;GPON RES RESID PV
8710040;-21,7532934;-41,3380822;RJ;CPS;FO EDD DIRETO CLARO;6;CLARO BRASIL;8;RJO AM;NAO;9797;;;;1635559;;111371;;;;11853991;FECHAMENTO NFV FASE 1/ ESTACAO ENTREGA CPS GGO/NUVEM RJCAM03 - NUVEM DIRETO CLARO SITE RJCAM03;;;1;FO EDD DC
8710041;-22,8597364;-43,7584716;RJ;IGI;TERCEIROS ETH;26;K2 TELECOM;156;RJO EN;NAO;;2500;1710;3;1635560;;111372;;;;11853992;FECHAMENTO NFV FASE 1/PRECO PADRAO/ ESTACAO ENTREGA RJO EN;FORA DE REDE;1;1;TERCEIROS ETH
8710042;-22,2844242;-42,5331239;RJ;NOF;FO EDD ETH;7;CLARO BRASIL;8;NOF 0FB;NAO;12042;;;;1635561;;111373;;;;11853993;FECHAMENTO NFV FASE 1/ ESTACAO ENTREGA NOF 0FB/NUVEM NOF 0FB_NOF0FB_NUVEMOPT_RJO_01 SITE RJNFR01;;;1;FO EDD MOVEL
8710045;-22,3587849;-41,7985146;RJ;MCE;TERCEIROS ETH;26;K2 TELECOM;156;RJO AM;NAO;;2500;1710;3;1635563;;111374;;;;11853995;FECHAMENTO NFV FASE 1/PRECO PADRAO/ ESTACAO ENTREGA RJO AM;FORA DE REDE;1;1;TERCEIROS ETH
8710046;-22,5338572;-44,1839383;RJ;BMA;TERCEIROS ETH;26;K2 TELECOM;156;RJO AM;NAO;;2500;1710;3;1635564;;111375;;;;11853996;FECHAMENTO NFV FASE 1/PRECO PADRAO/ ESTACAO ENTREGA RJO AM;FORA DE REDE;1;1;TERCEIROS ETH
8710049;-22,9104628;-43,1740632;RJ;RJO;FO EDD ETH;7;CLARO BRASIL;8;RJO AM;NAO;12042;;;;1635566;;111376;;;;11853998;FECHAMENTO NFV FASE 1/ ESTACAO ENTREGA RJO AC/RJO AC_RJOAC_NUVEMOPT_RJO_02;;;1;FO EDD FIXA
8710051;-22,9906417;-44,2374807;RJ;ARS;TERCEIROS ETH;26;K2 TELECOM;156;RJO EN;NAO;;2500;1710;3;1635568;;111377;;;;11854000;FECHAMENTO NFV FASE 1/PRECO PADRAO/ ESTACAO ENTREGA RJO EN;FORA DE REDE;1;1;TERCEIROS ETH
8710053;-22,9116522;-43,2377354;RJ;RJO;FOETHERNET;16;CLARO BRASIL;8;RJO AM;NAO;12042;;;;1635569;;111378;;;;11854001;FECHAMENTO NFV FASE 1/ ESTACAO ENTREGA HUB_TIJUCA/HUB_TIJUCA_MRCB_RJO;;;1;FO EDD NET
8710054;-21,2022964;-41,907587;RJ;IRA;TERCEIROS ETH;26;K2 TELECOM;156;RJO EN;NAO;;2500;630;3;1635570;;;;;;11854003;FECHAMENTO NFV FASE 1/PRECO PADRAO/ ESTACAO ENTREGA RJO EN;FORA DE REDE;1;1;TERCEIROS ETH
8710061;-22,8613414;-43,1026305;RJ;NRI;FO EDD ETH;7;CLARO BRASIL;8;RJO AM;NAO;12042;;;;1635573;;111379;;;;11854006;FECHAMENTO NFV FASE 1/ ESTACAO ENTREGA SGO NET/SGO NET_SGONET_NUVEMOPT_SGO;;;1;FO EDD FIXA
8710062;-22,2910246;-42,5355062;RJ;NOF;TERCEIROS ETH;26;K2 TELECOM;156;RJO AM;NAO;;2500;1710;3;1635574;;111380;;;;11854007;FECHAMENTO NFV FASE 1/PRECO PADRAO/ ESTACAO ENTREGA RJO AM;FORA DE REDE;1;1;TERCEIROS ETH
8710063;-22,4822738;-43,8188297;RJ;BPI;TERCEIROS ETH;26;K2 TELECOM;156;RJO AM;NAO;;2500;1710;3;1635575;;111381;;;;11854009;FECHAMENTO NFV FASE 1/PRECO PADRAO/ ESTACAO ENTREGA RJO AM;FORA DE REDE;1;1;TERCEIROS ETH
8710064;-22,5150697;-43,1767016;RJ;PTS;TERCEIROS ETH;26;K2 TELECOM;156;RJO AM;NAO;;2500;1080;3;1635576;;111382;;;;11854010;FECHAMENTO NFV FASE 1/PRECO PADRAO/ ESTACAO ENTREGA RJO AM;FORA DE REDE;1;1;TERCEIROS ETH
8710067;-22,9149551;-43,2211925;RJ;RJO;FOETHERNET;16;CLARO BRASIL;8;RJO AM;NAO;12042;;;;1635579;;111383;;;;11854013;FECHAMENTO NFV FASE 1/ ESTACAO ENTREGA HUB_TIJUCA/HUB_TIJUCA_MRCJ_RJO;;;1;FO EDD NET
8710068;-22,119216;-43,214962;RJ;TRS;FO SDH;12;CLARO BRASIL;8;RJO AM;NAO;14536;;;;1635580;;111384;;;;11854014;FECHAMENTO NFV FASE 1/ ESTACAO ENTREGA TRS BR/TRSBR_NUVEMOPT;;;1;SDH
8710076;-22,5150697;-43,1767016;RJ;PTS;TERCEIROS ETH;26;K2 TELECOM;156;RJO AM;NAO;;2500;1080;3;1635584;;111385;;;;11854017;FECHAMENTO NFV FASE 1/PRECO PADRAO/ ESTACAO ENTREGA RJO AM;FORA DE REDE;1;1;TERCEIROS ETH
8710078;-22,2910246;-42,5355062;RJ;NOF;TERCEIROS ETH;26;K2 TELECOM;156;RJO AM;NAO;;2500;1710;3;1635586;;111386;;;;11854020;FECHAMENTO NFV FASE 1/PRECO PADRAO/ ESTACAO ENTREGA RJO AM;FORA DE REDE;1;1;TERCEIROS ETH
8710079;-22,4822738;-43,8188297;RJ;BPI;TERCEIROS ETH;26;K2 TELECOM;156;RJO AM;NAO;;2500;1710;3;1635587;;111387;;;;11854021;FECHAMENTO NFV FASE 1/PRECO PADRAO/ ESTACAO ENTREGA RJO AM;FORA DE REDE;1;1;TERCEIROS ETH
8710080;-22,8613414;-43,1026305;RJ;NRI;FO EDD ETH;7;CLARO BRASIL;8;RJO AM;NAO;12042;;;;1635588;;111388;;;;11854022;FECHAMENTO NFV FASE 1/ ESTACAO ENTREGA SGO NET/SGO NET_SGONET_NUVEMOPT_SGO;;;1;FO EDD FIXA
8710082;-22,119216;-43,214962;RJ;TRS;FO SDH;12;CLARO BRASIL;8;RJO AM;NAO;14536;;;;1635590;;111389;;;;11854024;FECHAMENTO NFV FASE 1/ ESTACAO ENTREGA TRS BR/TRSBR_NUVEMOPT;;;1;SDH
8710084;-22,9149551;-43,2211925;RJ;RJO;FOETHERNET;16;CLARO BRASIL;8;RJO AM;NAO;12042;;;;1635592;;111390;;;;11854026;FECHAMENTO NFV FASE 1/ ESTACAO ENTREGA HUB_TIJUCA/HUB_TIJUCA_MRCJ_RJO;;;1;FO EDD NET
8710086;-22,4589636;-43,8408975;RJ;BPI;TERCEIROS ETH;26;K2 TELECOM;156;RJO AM;NAO;;2500;2250;3;1635593;;111391;;;;11854027;FECHAMENTO NFV FASE 1/PRECO PADRAO/ ESTACAO ENTREGA RJO AM;FORA DE REDE;1;1;TERCEIROS ETH
8710088;-22,7822451;-43,3072812;RJ;DQX;FO EDD ETH;7;CLARO BRASIL;8;RJO AM;NAO;12042;;;;1635595;;111392;;;;11854029;FECHAMENTO NFV FASE 1/ ESTACAO ENTREGA DQX TRC/DQX TRC;;;1;FO EDD FIXA
8710089;-22,9501236;-43,1890717;RJ;RJO;FO EDD ETH;7;CLARO BRASIL;8;RJO AM;NAO;12042;;;;1635596;;111393;;;;11854030;FECHAMENTO NFV FASE 1/ ESTACAO ENTREGA RJO MC/RJO MC_RJOMC_NUVEMOPT_RJO_17;;;1;FO EDD FIXA
8710092;-21,189798;-41,8954447;RJ;IRA;TERCEIROS ETH;26;K2 TELECOM;156;RJO EN;NAO;;2500;1710;3;1635598;;111394;;;;11854032;FECHAMENTO NFV FASE 1/PRECO PADRAO/ ESTACAO ENTREGA RJO EN;FORA DE REDE;1;1;TERCEIROS ETH
8710093;-22,2841734;-42,5393194;RJ;NOF;TERCEIROS ETH;26;K2 TELECOM;156;RJO AM;NAO;;2500;1710;3;1635599;;111395;;;;11854033;FECHAMENTO NFV FASE 1/PRECO PADRAO/ ESTACAO ENTREGA RJO AM;FORA DE REDE;1;1;TERCEIROS ETH
8710094;-21,7011148;-41,3081378;RJ;CPS;TERCEIROS ETH;26;K2 TELECOM;156;RJO AM;NAO;;2500;1710;3;1635600;;111396;;;;11854034;FECHAMENTO NFV FASE 1/PRECO PADRAO/ ESTACAO ENTREGA RJO AM;FORA DE REDE;1;1;TERCEIROS ETH
8710095;-22,2444275;-42,5233899;RJ;NOF;FO GPON RESID ETH;34;CLARO BRASIL;8;RJO AM;NAO;1328;;;;1635601;;;;;;11854035;FECHAMENTO NFV FASE 1/ ESTACAO ENTREGA NOF 0FD/FABRICANTE HUAWEI CONCENTRADOR OLT NOFJOPOLT01;;;1;GPON RES MOVEL
8710096;-22,5019016;-44,0792007;RJ;VRD;TERCEIROS ETH;26;K2 TELECOM;156;RJO AM;NAO;;2500;1710;3;1635602;;111397;;;;11854036;FECHAMENTO NFV FASE 1/PRECO PADRAO/ ESTACAO ENTREGA RJO AM;FORA DE REDE;1;1;TERCEIROS ETH
8710097;-22,924165;-43,3618967;RJ;RJO;FO GPON RESID ETH PRE VIAVEL;50;CLARO BRASIL;8;RJO AM;NAO;10559;;;;1635603;;;;;;11854037;FECHAMENTO NFV FASE 1/ ESTACAO ENTREGA RJO EN/FABRICANTE ZTE CONCENTRADOR OLT RJOJCGAQOLT01;;;1;GPON RES RESID PV
8710099;-22,9343588;-43,1816164;RJ;RJO;FO EDD ETH;7;CLARO BRASIL;8;RJO AM;NAO;12042;;;;1635605;;111398;;;;11854039;FECHAMENTO NFV FASE 1/ ESTACAO ENTREGA RJO TP/RJO TP_RJOTP_NUVEMOPT_RJO_06;;;1;FO EDD FIXA
8710100;-22,3946158;-41,793652;RJ;MCE;FOETHERNET;16;CLARO BRASIL;8;RJO AM;NAO;12042;;;;1635606;;111399;;;;11854040;FECHAMENTO NFV FASE 1/ ESTACAO ENTREGA HUB_MACAE/CENABA;;;1;FO EDD NET
8710101;-22,9155404;-43,2324316;RJ;RJO;FOETHERNET;16;CLARO BRASIL;8;RJO AM;NAO;12042;;;;1635607;;111400;;;;11854041;FECHAMENTO NFV FASE 1/ ESTACAO ENTREGA HUB_TIJUCA/HUB_TIJUCA_MRCC_RJO;;;1;FO EDD NET
8710102;-22,9109069;-43,173759;RJ;RJO;FO EDD DIRETO CLARO;6;CLARO BRASIL;8;RJO AM;NAO;9797;;;;1635608;;111401;;;;11854042;FECHAMENTO NFV FASE 1/ ESTACAO ENTREGA RJO M1R/NUVEM RJCEN05 - NUVEM DIRETO CLARO SITE RJCEN05;;;1;FO EDD DC
8710104;-22,261168;-43,7309197;RJ;VLC;TERCEIROS ETH;26;K2 TELECOM;156;RJO AM;NAO;;2500;1710;3;1635610;;111402;;;;11854044;FECHAMENTO NFV FASE 1/PRECO PADRAO/ ESTACAO ENTREGA RJO AM;FORA DE REDE;1;1;TERCEIROS ETH
8710105;-22,5470123;-44,1585191;RJ;BMA;FO GPON RESID ETH PRE VIAVEL;50;CLARO BRASIL;8;RJO AM;NAO;10559;;;;1635611;;;;;;11854045;FECHAMENTO NFV FASE 1/ ESTACAO ENTREGA VRD SC/FABRICANTE ZTE CONCENTRADOR OLT BMACENAAOLT01;;;1;GPON RES RESID PV
8710106;-22,4833797;-43,1739209;RJ;PTS;FO EDD ETH;7;CLARO BRASIL;8;RJO AM;NAO;12042;;;;1635612;;111403;;;;11854046;FECHAMENTO NFV FASE 1/ ESTACAO ENTREGA PTS BR/PTS BR;;;1;FO EDD FIXA
8710107;-22,8939841;-43,1221305;RJ;NRI;FO EDD DIRETO CLARO;6;CLARO BRASIL;8;RJO AM;NAO;9797;;;;1635613;;111404;;;;11854047;FECHAMENTO NFV FASE 1/ ESTACAO ENTREGA RJO AM/NUVEM RJNITS1 - NUVEM DIRETO CLARO SITE RJNITS1;;;1;FO EDD DC
8710108;-21,5287247;-42,1984393;RJ;SDP;TERCEIROS ETH;26;K2 TELECOM;156;RJO EN;NAO;;2500;1710;3;1635614;;111405;;;;11854048;FECHAMENTO NFV FASE 1/PRECO PADRAO/ ESTACAO ENTREGA RJO EN;FORA DE REDE;1;1;TERCEIROS ETH
8710109;-22,5084572;-43,1951494;RJ;PTS;TERCEIROS ETH;26;K2 TELECOM;156;RJO AM;NAO;;2500;2250;3;1635615;;111406;;;;11854049;FECHAMENTO NFV FASE 1/PRECO PADRAO/ ESTACAO ENTREGA RJO AM;FORA DE REDE;1;1;TERCEIROS ETH
8710110;-22,4647668;-44,4576816;RJ;RSD;TERCEIROS ETH;26;K2 TELECOM;156;RJO AM;NAO;;2500;2250;3;1635616;;111407;;;;11854050;FECHAMENTO NFV FASE 1/PRECO PADRAO/ ESTACAO ENTREGA RJO AM;FORA DE REDE;1;1;TERCEIROS ETH
8710113;-22,1291362;-43,2243096;RJ;TRS;TERCEIROS ETH;26;K2 TELECOM;156;RJO AM;NAO;;2500;2250;3;1635618;;111408;;;;11854052;FECHAMENTO NFV FASE 1/PRECO PADRAO/ ESTACAO ENTREGA RJO AM;FORA DE REDE;1;1;TERCEIROS ETH
8710114;-22,8518778;-43,3193553;RJ;RJO;FO EDD CLARO PRE VIAVEL;5;CLARO BRASIL;8;RJO AM;NAO;9797;;;;1635619;;111409;;;;11854053;FECHAMENTO NFV FASE 1/ ESTACAO ENTREGA RJO AM/NUVEM RJPNH16 - NUVEM PRE VIAVEL SITE RJPNH16;;;1;FO EDD PV
8710115;-22,5057982;-44,0945586;RJ;VRD;FO SDH;12;CLARO BRASIL;8;RJO AM;NAO;14536;;;;1635620;;111410;;;;11854055;FECHAMENTO NFV FASE 1/ ESTACAO ENTREGA VRD SC/VRD SC_VRDSC_NUVEMOPT_VRD;;;1;SDH
8710117;-25,4628571;-49,2996297;PR;CTA;FO GPON RESID ETH PRE VIAVEL;50;CLARO BRASIL;8;CTA MR;NAO;10559;;;;1635621;;;;;;11854056;FECHAMENTO NFV FASE 1/ ESTACAO ENTREGA CTA NJ/FABRICANTE ZTE CONCENTRADOR OLT CTBCSF23OLT01;;;1;GPON RES RESID PV
8710309;-19,8192387;-43,9465806;MG;BHE;HFC BSOD;19;CLARO BRASIL;8;BHE ES;NAO;726;;;;1635755;;;;;;11854059;FECHAMENTO NFV FASE 1/ ESTACAO ENTREGA BHE ES/HUB_PAMPULHA;;;1;HFC BSOD
8710326;-19,8031248;-43,9896264;MG;BHE;HFC BSOD;19;CLARO BRASIL;8;BHE ES;NAO;726;;;;1635756;;;630216925;;;11854060;FECHAMENTO NFV FASE 1/ ESTACAO ENTREGA /VDNAK HIBRIDO - HP GED 630216925;;;1;HFC BSOD
8710330;-18,86643;-41,95235;MG;GVS;HFC BSOD;19;CLARO BRASIL;8;BHE ES;NAO;726;;;;1635757;;;377428049;;;11854061;FECHAMENTO NFV FASE 1/ ESTACAO ENTREGA /GV2FA - HP GED 377428049;;;1;HFC BSOD
8710365;-19,95167;-43,9277;MG;BHE;HFC BSOD;19;CLARO BRASIL;8;BHE ES;NAO;726;;;;1635761;;;630350825;;;11854068;FECHAMENTO NFV FASE 1/ ESTACAO ENTREGA /MPIBHA - HP GED 630350825;;;1;HFC BSOD
8710452;-22,7488487;-47,339894;SP;AMR;FO GPON RESID ETH;34;CLARO BRASIL;8;SPO IG;NAO;1328;;;;1635830;;;;;;11854078;FECHAMENTO NFV FASE 1/ ESTACAO ENTREGA AMR HZ/FABRICANTE HUAWEI CONCENTRADOR OLT AMRJSPAAOLT01;;;1;GPON RES RESID
8710454;-22,7405798;-47,3043842;SP;AMR;FO GPON RESID ETH PRE VIAVEL;50;CLARO BRASIL;8;SPO IG;NAO;10559;;;;1635831;;;;;;11854083;FECHAMENTO NFV FASE 1/ ESTACAO ENTREGA AMR HZ/FABRICANTE HUAWEI CONCENTRADOR OLT AMRSLZAAOLT01;;;1;GPON RES RESID PV
8710455;-22,7405798;-47,3043842;SP;AMR;FO GPON RESID ETH PRE VIAVEL;50;CLARO BRASIL;8;SPO IG;NAO;10559;;;;1635832;;;;;;11854089;FECHAMENTO NFV FASE 1/ ESTACAO ENTREGA AMR HZ/FABRICANTE HUAWEI CONCENTRADOR OLT AMRSLZAAOLT01;;;1;GPON RES RESID PV
8710456;-22,7405798;-47,3043842;SP;AMR;FO GPON RESID ETH PRE VIAVEL;50;CLARO BRASIL;8;SPO IG;NAO;10559;;;;1635833;;;;;;11854095;FECHAMENTO NFV FASE 1/ ESTACAO ENTREGA AMR HZ/FABRICANTE HUAWEI CONCENTRADOR OLT AMRSLZAAOLT01;;;1;GPON RES RESID PV
8710457;-22,74091;-47,30516;SP;AMR;FO GPON RESID ETH PRE VIAVEL;50;CLARO BRASIL;8;SPO IG;NAO;10559;;;;1635834;;;;;;11854101;FECHAMENTO NFV FASE 1/ ESTACAO ENTREGA AMR HZ/FABRICANTE HUAWEI CONCENTRADOR OLT AMRSLZAAOLT01;;;1;GPON RES RESID PV
8710458;-22,74091;-47,30516;SP;AMR;FO GPON RESID ETH PRE VIAVEL;50;CLARO BRASIL;8;SPO IG;NAO;10559;;;;1635835;;;;;;11854106;FECHAMENTO NFV FASE 1/ ESTACAO ENTREGA AMR HZ/FABRICANTE HUAWEI CONCENTRADOR OLT AMRSLZAAOLT01;;;1;GPON RES RESID PV
8710459;-22,74091;-47,30516;SP;AMR;FO GPON RESID ETH PRE VIAVEL;50;CLARO BRASIL;8;SPO IG;NAO;10559;;;;1635836;;;;;;11854109;FECHAMENTO NFV FASE 1/ ESTACAO ENTREGA AMR HZ/FABRICANTE HUAWEI CONCENTRADOR OLT AMRSLZAAOLT01;;;1;GPON RES RESID PV
8710461;-22,7405798;-47,3043842;SP;AMR;FO GPON RESID ETH PRE VIAVEL;50;CLARO BRASIL;8;SPO IG;NAO;10559;;;;1635838;;;;;;11854113;FECHAMENTO NFV FASE 1/ ESTACAO ENTREGA AMR HZ/FABRICANTE HUAWEI CONCENTRADOR OLT AMRSLZAAOLT01;;;1;GPON RES RESID PV
8710467;-23,2918668;-45,9593168;SP;JCI;TERCEIROS ETH;26;IG NETWORKS;146;SPO IG;NAO;;12000;18628;3;1635842;;111411;;;;11854122;FECHAMENTO NFV FASE 1/PRECO PADRAO/ ESTACAO ENTREGA SPO IG;FORA DE REDE;1;1;TERCEIROS ETH
8710475;-23,7007468;-46,608676;SP;DDA;TERCEIROS ETH;26;BRFIBRA;127;SPO MB;NAO;;1000;924;3;1635844;;111412;;;;11854128;FECHAMENTO NFV FASE 1/PRECO PADRAO/ ESTACAO ENTREGA SPO MB;FORA DE REDE;1;1;TERCEIROS ETH
8710479;-22,8412518;-43,256939;RJ;RJO;FO GPON RESID ETH PRE VIAVEL;50;CLARO BRASIL;8;RJO AM;NAO;10559;;;;1635845;;;;;;11854132;FECHAMENTO NFV FASE 1/ ESTACAO ENTREGA RJO EN/FABRICANTE ZTE CONCENTRADOR OLT RJOOLRAAOLT01;;;1;GPON RES RESID PV
8710480;-21,1345886;-48,0198176;SP;STZ;TERCEIROS ETH;26;MEGATELECOM - SP;555;SPO IG;NAO;;1700;735,3;3;1635846;;111413;;;;11854135;FECHAMENTO NFV FASE 1/PRECO PADRAO/ ESTACAO ENTREGA SPO IG;FORA DE REDE;1;1;TERCEIROS ETH
8710481;-22,8412518;-43,256939;RJ;RJO;FO GPON RESID ETH PRE VIAVEL;50;CLARO BRASIL;8;RJO AM;NAO;10559;;;;1635847;;;;;;11854139;FECHAMENTO NFV FASE 1/ ESTACAO ENTREGA RJO EN/FABRICANTE ZTE CONCENTRADOR OLT RJOOLRAAOLT01;;;1;GPON RES RESID PV
8710505;-15,7895401;-47,8846885;DF;BSA;FO GPON RESID ETH PRE VIAVEL;50;CLARO BRASIL;8;BSA SU;NAO;10559;;;;1635852;;;;;;11854142;FECHAMENTO NFV FASE 1/ ESTACAO ENTREGA BSA SXN/FABRICANTE ZTE CONCENTRADOR OLT BSBASNAFOLT01;;;1;GPON RES RESID PV
8710508;-23,0907901;-47,1824093;SP;IDU;TERCEIROS ETH;26;IG NETWORKS;146;SPO IG;NAO;;6000;10300;3;1635853;;;;;;11854145;FECHAMENTO NFV FASE 1/PRECO PADRAO/ ESTACAO ENTREGA SPO IG;FORA DE REDE;1;1;TERCEIROS ETH
8710509;-23,0907901;-47,1824093;SP;IDU;TERCEIROS ETH;26;IG NETWORKS;146;SPO IG;NAO;;8500;11354;3;1635854;;111414;;;;11854148;FECHAMENTO NFV FASE 1/PRECO PADRAO/ ESTACAO ENTREGA SPO IG;FORA DE REDE;1;1;TERCEIROS ETH
8710510;-23,0907901;-47,1824093;SP;IDU;TERCEIROS ETH;26;IG NETWORKS;146;SPO IG;NAO;;3500;3958;3;1635855;;;;;;11854150;FECHAMENTO NFV FASE 1/PRECO PADRAO/ ESTACAO ENTREGA SPO IG;FORA DE REDE;1;1;TERCEIROS ETH
8710511;-23,5605485;-46,6573957;SP;SPO;FO EDD ETH;7;CLARO BRASIL;8;SPO MB;NAO;12042;;;;1635856;;111415;;;;11854152;FECHAMENTO NFV FASE 1/ ESTACAO ENTREGA SPO DZ/ANEL TELMEX_ITAIM;;;1;FO EDD FIXA
8710512;-28,4846442;-48,782338;SC;LGA;TERCEIROS ETH;26;IG NETWORKS;146;FNS PO;NAO;;3500;2200;3;1635857;;;;;;11854154;FECHAMENTO NFV FASE 1/PRECO PADRAO/ ESTACAO ENTREGA FNS PO;FORA DE REDE;1;1;TERCEIROS ETH
8713524;-29,1130875;-51,0864814;RS;CSL;FO GPON RESID ETH;34;CLARO BRASIL;8;PAE BV;NAO;1328;;;;1638861;;;;;;11854156;FECHAMENTO NFV FASE 1/ ESTACAO ENTREGA CSL NET/FABRICANTE HUAWEI CONCENTRADOR OLT CSLAR1OLT01;;;1;GPON RES RESID
8713526;-19,3150547;-40,0764506;ES;LNS;TERCEIROS ETH;26;IG NETWORKS;146;VTA JM;NAO;;8500;11354;3;1638863;;111416;;;;11854157;FECHAMENTO NFV FASE 1/PRECO PADRAO/ ESTACAO ENTREGA VTA JM;FORA DE REDE;1;1;TERCEIROS ETH
8713527;-19,3150281;-40,076286;ES;LNS;TERCEIROS ETH;26;IG NETWORKS;146;VTA JM;NAO;;6000;5850;3;1638864;;;;;;11854158;FECHAMENTO NFV FASE 1/PRECO PADRAO/ ESTACAO ENTREGA VTA JM;FORA DE REDE;1;1;TERCEIROS ETH
8715530;-19,320831;-40,0739945;ES;LNS;FO EDD CLARO PRE VIAVEL;5;CLARO BRASIL;8;VTA JM;NAO;9797;;;;1640860;;111417;;;;11854159;FECHAMENTO NFV FASE 1/ ESTACAO ENTREGA VTA JM/NUVEM ESLIN03 - NUVEM PRE VIAVEL SITE ESLIN03;;;1;FO EDD PV
8718556;-22,9306188;-47,0711942;SP;CAS;FO GPON RESID ETH PRE VIAVEL;50;CLARO BRASIL;8;SPO IG;NAO;10559;;;;1643867;;;;;;11854160;FECHAMENTO NFV FASE 1/ ESTACAO ENTREGA CAS 2FJ/FABRICANTE ZTE CONCENTRADOR OLT CPSVINABOLT01;;;1;GPON RES RESID PV
8727581;-32,0767855;-52,189282;RS;RGR;FO EDD DIRETO CLARO;6;CLARO BRASIL;8;PAE BV;NAO;9797;;;;1652465;;;;;;11854162;FECHAMENTO NFV FASE 1/ ESTACAO ENTREGA PAE BV/NUVEM RSRGR17 - NUVEM DIRETO CLARO SITE RSRGR17;;;1;FO EDD DC
8727582;-32,0767855;-52,189282;RS;RGR;FO EDD DIRETO CLARO;6;CLARO BRASIL;8;PAE BV;NAO;9797;;;;1652466;;;;;;11854163;FECHAMENTO NFV FASE 1/ ESTACAO ENTREGA PAE BV/NUVEM RSRGR17 - NUVEM DIRETO CLARO SITE RSRGR17;;;1;FO EDD DC
8727605;-22,2707577;-45,8908886;MG;PSA;FO GPON ETH;8;CLARO BRASIL;8;PSA EMC;NAO;9837;;;;1652484;;111418;;;;11854166;FECHAMENTO NFV FASE 1/ ESTACAO ENTREGA PSA EMC/NUVEM PSAEMC_NUVEMGPON SITE MGPOA1E;;;1;GPON MOVEL
